{"cameraMode":{"drawMode":0,"name":"Shaded","section":"Shading Mode"},"sceneLighting":true,"audioPlay":false,"sceneViewState":{"showFog":true,"showMaterialUpdate":false,"showSkybox":true,"showFlares":true,"showImageEffects":true,"showParticleSystems":true},"in2DMode":false,"pivot":{"x":-35.402042388916019,"y":-75.0984878540039,"z":374.4873046875},"rotation":{"x":0.1058233231306076,"y":-0.06021878868341446,"z":0.006420481950044632,"w":0.9925391674041748},"size":405.04998779296877,"orthographic":false}