{"cameraMode":{"drawMode":0,"name":"Shaded","section":"Shading Mode"},"sceneLighting":true,"audioPlay":false,"sceneViewState":{"showFog":true,"showMaterialUpdate":false,"showSkybox":true,"showFlares":true,"showImageEffects":true,"showParticleSystems":true},"in2DMode":false,"pivot":{"x":-5.894003868103027,"y":2.453537940979004,"z":2.798457145690918},"rotation":{"x":-0.12134454399347305,"y":0.30360671877861025,"z":-0.039016857743263248,"w":-0.9442331790924072},"size":19.618331909179689,"orthographic":false}