{"cameraMode":{"drawMode":0,"name":"Shaded","section":"Shading Mode"},"sceneLighting":true,"audioPlay":false,"sceneViewState":{"showFog":true,"showMaterialUpdate":false,"showSkybox":true,"showFlares":true,"showImageEffects":true,"showParticleSystems":true},"in2DMode":false,"pivot":{"x":-1.7744585275650025,"y":-0.42314863204956057,"z":15.117040634155274},"rotation":{"x":0.07673361152410507,"y":0.004482167772948742,"z":-0.0003449787327554077,"w":0.9970415234565735},"size":27.553421020507814,"orthographic":false}