{"cameraMode":{"drawMode":0,"name":"Shaded","section":"Shading Mode"},"sceneLighting":true,"audioPlay":false,"sceneViewState":{"showFog":true,"showMaterialUpdate":false,"showSkybox":true,"showFlares":true,"showImageEffects":true,"showParticleSystems":true},"in2DMode":false,"pivot":{"x":-3.1247177124023439,"y":-3.631284236907959,"z":16.537643432617189},"rotation":{"x":-0.05353349819779396,"y":0.7386677861213684,"z":-0.05907825008034706,"w":-0.6693382859230042},"size":49.81586837768555,"orthographic":false}